mouse	Ra22QT77	Ra22QT77 T328R	Ra22QT77 P468F	Ra22QT77 D469N	Ra22QT77 Y478G	Ra22QT77 4sub	Ra22QT77 ins	Ra22QT77 ins 4sub
1	5.16	4.73	5.11	4.18	4.93	4.29	4.91	4.28
2	4.77	4.45	4.65	4.07	4.63	4.04	4.54	4.02
3	4.88	4.61	4.83	4.1	4.67	4.18	4.64	4.14
4	4.8	4.7	4.75	4.21	4.7	4.46	4.64	4.24
5	5.05	4.63	4.73	4.24	4.71	4.3	4.61	4.16
6	5.04	4.75	5.03	4.35	4.92	4.58	4.92	4.61
7	4.85	4.62	4.71	4.51	4.68	4.33	4.64	4.53
8	5	4.71	5.01	4.31	4.89	4.29	4.81	4.08
9	5.07	4.77	4.91	4.45	4.94	4.5	4.76	4.64
10	5.02	4.77	4.94	4.37	4.83	4.43	4.88	4.57