ACE2_lineage	north	north	north	north	south	south
mutation	R24G	R24L	R34H	E38D	E49D	Y83H
Ra22QT77	-2.5540	-1.2015	-0.1750	-0.1750	-	-0.7577
RShSTT200	-1.8301	-1.5306	-	-	-	-0.8969
RaTG15	-2.6043	-1.9493	-	-	-	-2.8327
RaTG13	-	0.8808	0.9819	0.9819	-0.4542	-
Ra22DB163	-	0.5468	0.7346	0.7346	-	0.5767
CX1	-	0.2375	0.2430	0.2430	-0.2435	-1.2927
GX-P1E	-1.4970	0.9880	0.2451	0.2451	-	-1.6795
GX-P5E	-1.3068	0.3853	0.1767	0.1767	-	-2.4021
cDNA8	-	0.2850	0.1347	0.1347	-	-0.8033
RhGB01	-	1.4399	0.4101	0.4101	-	-
BtKY72	-	-	0.3047	0.3047	-	-0.5124
