	RhGB01	BM48-31	BtKY72	RsSHC014	YN2020H	BtRs-BetaCoV/YN2020-Q325	Rs7327	RsYN2016A	WIV1	WIV16	LYRa11	SARS-CoV	Civet007	Ra7909	Rc-os20	Rc-o319	Rc-kw8	Rc-mk2	GX-P5E	GX-P1E (MpCoV-GX)	GX_P2V	GX-P4L	GX-P5L	RaTG13	RShSTT200	Ra22QT77	MP789 (MpCoV-GD)	cDNA16	cDNA8	Guangdong/1/2019 	Rp22DB159	CX1	SARS-CoV-2	BANAL-20-52	BANAL-20-236	Ra22DB163
01_QMQ39222	4.826323483	2.337067386	4255.549565	4435.398759	447.0022575	1238.499892	1007.465317	1143.855152	54204.17636	47699.3869	1292.91406	208900.5359	18420.79572	2032.591839	164.7966355	8.657555236	2.372657777	94.10375164	10445.2275	295.8741822	379.8785441	965.0589568	29642.60352	9.97721603	687.9896392	16541.68555	11985.49831	3445.261416	20319.02041	66044.02898	7355.133579	2268.891124	1285.599076	10091.61147	8892.542598	14.73872669
02_HDA	48.49716509	1	14340.71659	8195.8943	794.7813692	1123.705692	811.5521511	539.8907955	63557.92481	50517.44001	557.6400787	217091.841	13945.53067	1118.712997	593.6820266	97.81077667	28.26632454	12.09306429	14935.91035	960.9447154	251.0222271	312.0062363	27397.82302	605.9673591	267.7534447	6326.043004	12103.41133	3255.512837	27955.80391	73952.03772	6047.657009	6154.094576	1083.898469	13748.0238	12444.7615	428.0165541
03_LHD	1506.398883	1.830981832	18799.16406	8846.243741	1358.495087	2461.82306	1452.771521	889.878481	58881.03373	54901.3386	1608.083399	245768.1674	17452.5666	2.898892601	520.2848352	18.81313814	141.029571	27.75401622	38468.96307	8506.988452	286.5474623	274.5623464	32371.79005	3813.264111	8.991463663	459.5506072	13524.01137	3738.445428	54222.27452	95250.90164	9655.096509	9928.88964	1683.66774	16931.85081	14926.09718	1221.686051
04_LHDH	1134.95937	3.300486556	16215.04573	6285.788143	660.6557547	1951.804752	1526.259382	990.6240547	40268.71445	39117.02944	1261.453872	222028.0542	20587.73746	15.6309284	430.8235307	18.5765827	39.72793227	8.351188657	33809.51923	8264.996608	316.7642108	417.2019328	27677.57689	3532.359073	11.03603818	400.1475585	12144.91799	3593.691421	46382.8173	92964.95059	11592.90719	9041.929861	1724.393878	11622.67543	12372.0711	1198.202248
05_LHDAH	2080.686029	3.269508549	18945.25398	6051.419849	721.1295355	1646.251378	1411.18136	727.7466268	40180.75979	39372.01712	1250.397241	194758.801	21078.87394	8.035805947	558.2049552	18.31465617	76.48945256	24.30150865	31038.62793	6791.260095	265.0133541	589.4733748	23399.06218	3682.2407	5.495574801	417.0280704	10613.45897	3066.090128	43188.87075	79016.21832	10184.02871	9361.610241	1827.815584	11828.36322	11958.23109	1000.792231
06_GHDAH	150.2877517	3.064434735	10979.57189	4994.102531	540.6750532	983.3600061	632.0232974	360.0361469	31396.16949	24879.06919	394.1386205	164200.0936	9005.093696	2.484044242	619.4168607	136.3180128	162.3886377	37.3617351	557.8114434	20.12338671	351.6229327	686.1324932	20544.08244	166.5474204	2.726800075	15.68148522	9862.011952	2039.065354	23823.68952	49040.81582	5833.725473	4751.825469	1208.196388	9207.956049	8354.105673	240.7266035
07_LHDA	1403.747438	5.131288752	15881.26128	8204.235106	958.1485622	1889.966377	1248.367761	898.3104232	39056.07699	40397.34091	1307.155026	215491.3439	19765.44827	47.07604136	589.1834147	8.481133952	43.39541115	3.47257025	30232.02512	7295.250852	324.7906674	358.0418741	24168.34387	3323.922809	2.486661834	279.9004817	10729.51604	3170.371525	45456.73714	77019.06847	9901.094794	9446.398828	1834.16188	12292.02072	12433.98674	1057.209676
09_HD	36.14581633	3.052349931	11718.30653	7823.226437	1103.146008	1382.019894	605.1395973	498.756769	59632.13124	37678.08023	511.6645288	231462.1088	16620.54303	1743.22375	651.5130937	71.72950013	47.36462385	5.618335371	18580.22709	1077.599525	383.7574938	471.1314114	30589.36146	875.3149211	185.9487184	6506.504989	15511.00346	4149.250545	30213.23437	79177.22191	8741.898669	7301.449553	1312.662556	11436.51104	11304.54558	519.0095075
10_HDH	67.73442973	3.236213217	12603.19599	6601.879854	876.8837862	678.7748397	701.9596003	424.8351217	49915.42254	34631.66367	297.4655168	193237.1412	15963.84593	945.4178648	505.2943474	12.45424625	48.54026516	2.621023549	11805.73917	678.5513985	119.9888108	490.093921	23701.92625	544.0774836	184.3249693	6425.881198	10630.04663	2475.04245	24988.53134	63653.50065	5742.406343	5206.799903	1491.222291	8954.33543	9174.667751	200.6179405
12_HDAH	73.16623681	6.110365847	6368.519895	3559.292467	376.6463713	502.0106129	515.1707578	327.9581091	26101.90616	20580.68861	258.9413082	150703.4611	9975.011698	582.7029027	468.3744789	25.18207013	17.47260436	3.210090209	10713.50665	553.5749615	274.367917	243.7795426	18965.33852	171.2281159	195.8012852	5192.689826	8250.502858	2647.449801	16939.7422	47548.89961	4044.658379	3805.837027	1177.843611	5802.654401	5392.626655	171.3861163
15_DS	10.94436512	7.641562327	2778.622349	3904.154923	407.6987012	925.0953924	1128.324669	740.8396449	35777.7339	39280.99793	1093.58186	279837.5203	16443.98633	1440.863658	111.8385788	57.8158711	2.245607251	90.44991325	12118.98149	647.1508432	422.1656839	1298.090577	28233.06551	2.20224446	513.1779029	12416.38503	13656.12227	3298.407181	19505.94663	58174.01525	5864.819542	1589.229837	1694.588973	7521.003053	6779.33305	52.32253127
16_D	14.65421091	5.315531657	1903.925827	2414.694485	274.7083952	757.3936112	859.9269945	650.3053405	35007.14108	34192.27106	681.1717399	188116.5419	14329.68724	1127.943813	43.98832414	22.59941741	1.43043871	45.62115113	6951.001123	408.9534341	107.620188	807.1866557	22471.21791	2.128826079	289.1716972	11459.43797	9760.061447	2488.128586	13136.94305	52084.05413	4879.808596	1142.661364	989.1938203	5856.014982	6672.637163	7.006046635
22_H	16.04462606	1.99982986	767.8999233	2831.139926	310.3388952	831.5105692	424.573054	254.2501657	44119.77492	30181.9648	347.3411298	191738.1995	13627.24875	2.149342796	23.60004073	4.245487441	29.01228474	23.24180343	25.31753358	10.42980862	131.8609201	1826.167807	24587.6324	16.76218773	38.84666485	2351.970764	8594.596593	1758.854911	2149.723183	35887.56312	1921.213283	118.2891975	548.9775514	4106.256355	5371.024607	29.66194679
23_S	2.058256063	2.749219357	2586.364253	3187.324929	453.8499064	1135.491672	944.1194819	525.7864344	39588.84171	37245.16819	1180.533769	237671.3693	15503.79575	2655.371873	46.92518881	18.14609854	6.836860502	91.16511712	5879.451443	259.8929125	562.8821599	1153.293916	26692.56598	5.788391519	354.4624213	13731.34209	12919.06159	3182.895308	16410.21457	57397.88506	6344.319523	2070.89234	1425.847887	7583.759184	7077.018749	27.67658441
24_DH	5.352532418	2.105256022	996.6742545	3164.825274	237.3167461	851.8065159	397.7255697	188.638687	38025.72134	31693.71672	178.6426627	190807.756	13776.56292	2.304744641	9.156551037	26.24440528	3.17249819	4.662721819	45.01549347	5.074664349	250.510479	1696.639785	22691.88382	8.959485143	82.31859637	2459.828533	9491.457503	1835.184935	3071.556061	34780.93376	2485.107751	56.93540549	482.4660468	4136.72317	4970.648096	51.22391619
RA_1_H	4.002652945	2.547824979	2018.415188	3672.498515	446.9087268	1347.568825	958.5551211	770.4757364	46522.57015	37803.75737	790.401822	238940.4913	15534.6576	1947.586077	51.81751258	69.13140601	3.844603227	70.73046769	6731.589082	229.1834652	379.6127512	1561.011509	29192.8845	2.547308375	212.7342595	13288.89275	13756.78103	2870.275099	18126.14275	57441.89908	6265.326257	1785.938205	2151.8921	7634.994158	6771.249525	15.74541204
RA_2_T	4.427225177	3.980801271	2401.725887	2880.37934	272.630081	741.4980631	923.1248226	686.0749208	48382.23431	44470.35385	868.5110733	193657.0644	14520.93002	1540.520587	78.40095483	7.04077384	9.346109458	50.20532384	4547.327464	225.8928906	365.4339526	1250.839634	27000.97056	4.578280533	433.7152304	12971.3404	8367.067836	2429.241757	14032.12866	57794.90556	4738.631019	1446.98857	1785.692983	7413.309301	7242.140754	7.335850496
